,years,rert,fcas
0,2016,0,198.121455
1,2017,0,439.4382825
2,2018,0,727.2744324999999
3,2019,0,279.743975
4,2020,0,626.6365175
