,years,rert,fcas
0,2016,0,203.7243075
1,2017,0,420.96841499999994
2,2018,0,537.1161075000001
3,2019,150,553.065275
4,2020,0,796.03402375
