,years,rert,fcas
0,2016,0,191.53887375000005
1,2017,0,414.72423999999995
2,2018,0,517.7408862500001
3,2019,450,260.32295624999995
4,2020,150,429.882285
